{"cameraMode":{"drawMode":0,"name":"Shaded","section":"Shading Mode"},"sceneLighting":false,"audioPlay":false,"sceneViewState":{"m_AlwaysRefresh":false,"showFog":true,"showSkybox":false,"showFlares":true,"showImageEffects":true,"showParticleSystems":true,"showVisualEffectGraphs":true,"m_FxEnabled":true},"in2DMode":false,"pivot":{"x":0.0001585348363732919,"y":0.003802066668868065,"z":-0.0011259453603997827},"rotation":{"x":-0.6325089931488037,"y":0.07332751899957657,"z":0.0603356808423996,"w":0.7687119841575623},"size":0.0015173202846199275,"orthographic":false}