{"cameraMode":{"drawMode":0,"name":"Shaded","section":"Shading Mode"},"sceneLighting":false,"audioPlay":false,"sceneViewState":{"m_AlwaysRefresh":false,"showFog":true,"showSkybox":false,"showFlares":true,"showImageEffects":true,"showParticleSystems":true,"showVisualEffectGraphs":true,"m_FxEnabled":true},"in2DMode":false,"pivot":{"x":0.21745774149894715,"y":0.5498993396759033,"z":0.5822898149490356},"rotation":{"x":0.3911391496658325,"y":-0.02291002869606018,"z":0.00974052120000124,"w":0.9199953675270081},"size":1.2297559976577759,"orthographic":false}