{"cameraMode":{"drawMode":0,"name":"Shaded","section":"Shading Mode"},"sceneLighting":false,"audioPlay":false,"sceneViewState":{"m_AlwaysRefresh":false,"showFog":true,"showSkybox":false,"showFlares":true,"showImageEffects":true,"showParticleSystems":true,"showVisualEffectGraphs":true,"m_FxEnabled":true},"in2DMode":false,"pivot":{"x":0.04416334629058838,"y":0.7898944020271301,"z":0.009894847869873047},"rotation":{"x":0.3911391496658325,"y":-0.02291002869606018,"z":0.00974052120000124,"w":0.9199953675270081},"size":2.3703715801239015,"orthographic":false}