{"cameraMode":{"drawMode":0,"name":"Shaded","section":"Shading Mode"},"sceneLighting":false,"audioPlay":false,"sceneViewState":{"m_AlwaysRefresh":false,"showFog":true,"showSkybox":false,"showFlares":true,"showImageEffects":true,"showParticleSystems":true,"showVisualEffectGraphs":true,"m_FxEnabled":true},"in2DMode":false,"pivot":{"x":-0.6750003099441528,"y":0.25359517335891726,"z":-8.228999137878418},"rotation":{"x":-0.41610845923423769,"y":-0.14705845713615418,"z":0.0683913603425026,"w":-0.8947362303733826},"size":0.21159619092941285,"orthographic":false}